[{"model": "admin.logentry", "pk": 1, "fields": {"action_time": "2024-03-15T22:34:30.463Z", "user": 1, "content_type": 6, "object_id": "1", "object_repr": "Jackets", "action_flag": 1, "change_message": "[{\"added\": {}}]"}}, {"model": "admin.logentry", "pk": 2, "fields": {"action_time": "2024-03-15T22:34:46.201Z", "user": 1, "content_type": 6, "object_id": "2", "object_repr": "Jeans", "action_flag": 1, "change_message": "[{\"added\": {}}]"}}, {"model": "admin.logentry", "pk": 3, "fields": {"action_time": "2024-03-15T22:35:04.713Z", "user": 1, "content_type": 6, "object_id": "3", "object_repr": "Shoes", "action_flag": 1, "change_message": "[{\"added\": {}}]"}}, {"model": "admin.logentry", "pk": 4, "fields": {"action_time": "2024-03-15T22:35:33.807Z", "user": 1, "content_type": 6, "object_id": "4", "object_repr": "T Shirt", "action_flag": 1, "change_message": "[{\"added\": {}}]"}}, {"model": "admin.logentry", "pk": 5, "fields": {"action_time": "2024-03-15T22:35:57.053Z", "user": 1, "content_type": 6, "object_id": "5", "object_repr": "Shirts", "action_flag": 1, "change_message": "[{\"added\": {}}]"}}, {"model": "admin.logentry", "pk": 6, "fields": {"action_time": "2024-03-15T22:37:25.697Z", "user": 1, "content_type": 8, "object_id": "1", "object_repr": "ATX jeans", "action_flag": 1, "change_message": "[{\"added\": {}}]"}}, {"model": "admin.logentry", "pk": 7, "fields": {"action_time": "2024-03-15T22:38:35.608Z", "user": 1, "content_type": 8, "object_id": "2", "object_repr": "RXN Blue Shirt", "action_flag": 1, "change_message": "[{\"added\": {}}]"}}, {"model": "admin.logentry", "pk": 8, "fields": {"action_time": "2024-03-15T22:39:17.220Z", "user": 1, "content_type": 8, "object_id": "3", "object_repr": "Great Tshirt", "action_flag": 1, "change_message": "[{\"added\": {}}]"}}, {"model": "admin.logentry", "pk": 9, "fields": {"action_time": "2024-03-15T22:39:45.569Z", "user": 1, "content_type": 8, "object_id": "4", "object_repr": "Jordan Basketball Shoes", "action_flag": 1, "change_message": "[{\"added\": {}}]"}}, {"model": "admin.logentry", "pk": 10, "fields": {"action_time": "2024-03-15T22:40:15.136Z", "user": 1, "content_type": 8, "object_id": "5", "object_repr": "Mavi Jeans", "action_flag": 1, "change_message": "[{\"added\": {}}]"}}, {"model": "admin.logentry", "pk": 11, "fields": {"action_time": "2024-03-15T22:40:36.226Z", "user": 1, "content_type": 8, "object_id": "6", "object_repr": "Puma Ferrari Shoes", "action_flag": 1, "change_message": "[{\"added\": {}}]"}}, {"model": "admin.logentry", "pk": 12, "fields": {"action_time": "2024-03-15T22:41:06.814Z", "user": 1, "content_type": 8, "object_id": "7", "object_repr": "US Polo Assn Jacket", "action_flag": 1, "change_message": "[{\"added\": {}}]"}}, {"model": "admin.logentry", "pk": 13, "fields": {"action_time": "2024-03-15T22:42:31.289Z", "user": 1, "content_type": 8, "object_id": "8", "object_repr": "Wrangler Shirt", "action_flag": 1, "change_message": "[{\"added\": {}}]"}}, {"model": "admin.logentry", "pk": 14, "fields": {"action_time": "2024-03-15T22:43:25.640Z", "user": 1, "content_type": 9, "object_id": "1", "object_repr": "White", "action_flag": 1, "change_message": "[{\"added\": {}}]"}}, {"model": "admin.logentry", "pk": 15, "fields": {"action_time": "2024-03-15T22:43:32.729Z", "user": 1, "content_type": 9, "object_id": "2", "object_repr": "green", "action_flag": 1, "change_message": "[{\"added\": {}}]"}}, {"model": "admin.logentry", "pk": 16, "fields": {"action_time": "2024-03-15T22:43:41.738Z", "user": 1, "content_type": 9, "object_id": "3", "object_repr": "blue", "action_flag": 1, "change_message": "[{\"added\": {}}]"}}, {"model": "admin.logentry", "pk": 17, "fields": {"action_time": "2024-03-15T22:43:51.148Z", "user": 1, "content_type": 9, "object_id": "4", "object_repr": "red", "action_flag": 1, "change_message": "[{\"added\": {}}]"}}, {"model": "admin.logentry", "pk": 18, "fields": {"action_time": "2024-03-15T22:44:14.956Z", "user": 1, "content_type": 9, "object_id": "4", "object_repr": "red", "action_flag": 3, "change_message": ""}}, {"model": "admin.logentry", "pk": 19, "fields": {"action_time": "2024-03-15T22:44:25.179Z", "user": 1, "content_type": 9, "object_id": "5", "object_repr": "Small", "action_flag": 1, "change_message": "[{\"added\": {}}]"}}, {"model": "admin.logentry", "pk": 20, "fields": {"action_time": "2024-03-15T22:44:32.943Z", "user": 1, "content_type": 9, "object_id": "6", "object_repr": "Medium", "action_flag": 1, "change_message": "[{\"added\": {}}]"}}, {"model": "admin.logentry", "pk": 21, "fields": {"action_time": "2024-03-15T22:44:43.058Z", "user": 1, "content_type": 9, "object_id": "7", "object_repr": "Large", "action_flag": 1, "change_message": "[{\"added\": {}}]"}}, {"model": "admin.logentry", "pk": 22, "fields": {"action_time": "2024-03-26T20:55:39.414Z", "user": 1, "content_type": 16, "object_id": "1", "object_repr": "saad", "action_flag": 1, "change_message": "[{\"added\": {}}]"}}, {"model": "admin.logentry", "pk": 23, "fields": {"action_time": "2024-04-03T21:28:21.331Z", "user": 1, "content_type": 8, "object_id": "1", "object_repr": "ATX jeans", "action_flag": 2, "change_message": "[{\"added\": {\"name\": \"productgallery\", \"object\": \"ATX jeans\"}}]"}}, {"model": "admin.logentry", "pk": 24, "fields": {"action_time": "2024-04-03T21:30:07.330Z", "user": 1, "content_type": 8, "object_id": "1", "object_repr": "ATX jeans", "action_flag": 2, "change_message": "[{\"added\": {\"name\": \"productgallery\", \"object\": \"ATX jeans\"}}]"}}, {"model": "admin.logentry", "pk": 25, "fields": {"action_time": "2024-04-13T18:16:40.961Z", "user": 1, "content_type": 8, "object_id": "1", "object_repr": "ATX jeans", "action_flag": 2, "change_message": "[]"}}, {"model": "admin.logentry", "pk": 26, "fields": {"action_time": "2024-04-13T18:16:47.835Z", "user": 1, "content_type": 8, "object_id": "1", "object_repr": "ATX jeans", "action_flag": 2, "change_message": "[{\"added\": {\"name\": \"productgallery\", \"object\": \"ATX jeans\"}}]"}}, {"model": "admin.logentry", "pk": 27, "fields": {"action_time": "2024-04-13T19:20:11.735Z", "user": 1, "content_type": 8, "object_id": "1", "object_repr": "ATX jeans", "action_flag": 2, "change_message": "[{\"added\": {\"name\": \"productgallery\", \"object\": \"ATX jeans\"}}]"}}, {"model": "admin.logentry", "pk": 28, "fields": {"action_time": "2024-04-29T22:47:17.741Z", "user": 1, "content_type": 8, "object_id": "8", "object_repr": "Wrangler Shirt", "action_flag": 2, "change_message": "[{\"added\": {\"name\": \"productgallery\", \"object\": \"Wrangler Shirt\"}}]"}}, {"model": "admin.logentry", "pk": 29, "fields": {"action_time": "2024-04-29T22:47:58.634Z", "user": 1, "content_type": 8, "object_id": "8", "object_repr": "Wrangler Shirt", "action_flag": 2, "change_message": "[]"}}, {"model": "admin.logentry", "pk": 30, "fields": {"action_time": "2024-04-29T22:59:24.747Z", "user": 1, "content_type": 8, "object_id": "8", "object_repr": "Wrangler Shirt", "action_flag": 2, "change_message": "[{\"changed\": {\"fields\": [\"Image\"]}}]"}}, {"model": "admin.logentry", "pk": 31, "fields": {"action_time": "2024-04-29T23:00:13.179Z", "user": 1, "content_type": 8, "object_id": "8", "object_repr": "Wrangler Shirt", "action_flag": 2, "change_message": "[{\"changed\": {\"fields\": [\"Image\"]}}]"}}, {"model": "admin.logentry", "pk": 32, "fields": {"action_time": "2024-04-29T23:01:16.424Z", "user": 1, "content_type": 8, "object_id": "7", "object_repr": "US Polo Assn Jacket", "action_flag": 2, "change_message": "[{\"changed\": {\"fields\": [\"Image\"]}}]"}}, {"model": "admin.logentry", "pk": 33, "fields": {"action_time": "2024-04-29T23:02:22.957Z", "user": 1, "content_type": 8, "object_id": "7", "object_repr": "US Polo Assn Jacket", "action_flag": 2, "change_message": "[{\"changed\": {\"fields\": [\"Image\"]}}]"}}, {"model": "admin.logentry", "pk": 34, "fields": {"action_time": "2024-04-29T23:03:24.498Z", "user": 1, "content_type": 8, "object_id": "6", "object_repr": "Puma Ferrari Shoes", "action_flag": 2, "change_message": "[{\"changed\": {\"fields\": [\"Image\"]}}]"}}, {"model": "admin.logentry", "pk": 35, "fields": {"action_time": "2024-04-29T23:04:16.905Z", "user": 1, "content_type": 8, "object_id": "5", "object_repr": "Mavi Jeans", "action_flag": 2, "change_message": "[{\"changed\": {\"fields\": [\"Image\"]}}]"}}, {"model": "admin.logentry", "pk": 36, "fields": {"action_time": "2024-04-29T23:05:13.080Z", "user": 1, "content_type": 8, "object_id": "4", "object_repr": "Jordan Basketball Shoes", "action_flag": 2, "change_message": "[{\"changed\": {\"fields\": [\"Image\"]}}]"}}, {"model": "admin.logentry", "pk": 37, "fields": {"action_time": "2024-04-29T23:11:14.918Z", "user": 1, "content_type": 8, "object_id": "3", "object_repr": "Great Tshirt", "action_flag": 2, "change_message": "[{\"changed\": {\"fields\": [\"Image\"]}}]"}}, {"model": "admin.logentry", "pk": 38, "fields": {"action_time": "2024-04-29T23:12:01.284Z", "user": 1, "content_type": 8, "object_id": "3", "object_repr": "Great Tshirt", "action_flag": 2, "change_message": "[{\"changed\": {\"fields\": [\"Image\"]}}]"}}, {"model": "admin.logentry", "pk": 39, "fields": {"action_time": "2024-04-29T23:13:39.942Z", "user": 1, "content_type": 8, "object_id": "3", "object_repr": "Great Tshirt", "action_flag": 2, "change_message": "[{\"changed\": {\"fields\": [\"Image\"]}}]"}}, {"model": "admin.logentry", "pk": 40, "fields": {"action_time": "2024-04-29T23:14:58.824Z", "user": 1, "content_type": 8, "object_id": "2", "object_repr": "RXN Blue Shirt", "action_flag": 2, "change_message": "[{\"changed\": {\"fields\": [\"Image\"]}}]"}}, {"model": "admin.logentry", "pk": 41, "fields": {"action_time": "2024-04-29T23:16:27.586Z", "user": 1, "content_type": 8, "object_id": "1", "object_repr": "ATX jeans", "action_flag": 2, "change_message": "[{\"changed\": {\"fields\": [\"Image\"]}}]"}}, {"model": "admin.logentry", "pk": 42, "fields": {"action_time": "2024-04-29T23:17:24.353Z", "user": 1, "content_type": 8, "object_id": "1", "object_repr": "ATX jeans", "action_flag": 2, "change_message": "[{\"deleted\": {\"name\": \"productgallery\", \"object\": \"ATX jeans\"}}, {\"deleted\": {\"name\": \"productgallery\", \"object\": \"ATX jeans\"}}, {\"deleted\": {\"name\": \"productgallery\", \"object\": \"ATX jeans\"}}, {\"deleted\": {\"name\": \"productgallery\", \"object\": \"ATX jeans\"}}]"}}, {"model": "admin.logentry", "pk": 43, "fields": {"action_time": "2024-04-29T23:17:33.684Z", "user": 1, "content_type": 8, "object_id": "1", "object_repr": "ATX jeans", "action_flag": 2, "change_message": "[{\"added\": {\"name\": \"productgallery\", \"object\": \"ATX jeans\"}}]"}}, {"model": "admin.logentry", "pk": 44, "fields": {"action_time": "2024-04-29T23:20:08.487Z", "user": 1, "content_type": 8, "object_id": "1", "object_repr": "ATX jeans", "action_flag": 2, "change_message": "[{\"added\": {\"name\": \"productgallery\", \"object\": \"ATX jeans\"}}, {\"changed\": {\"name\": \"productgallery\", \"object\": \"ATX jeans\", \"fields\": [\"Image\"]}}]"}}, {"model": "admin.logentry", "pk": 45, "fields": {"action_time": "2024-04-29T23:20:23.321Z", "user": 1, "content_type": 8, "object_id": "1", "object_repr": "ATX jeans", "action_flag": 2, "change_message": "[{\"added\": {\"name\": \"productgallery\", \"object\": \"ATX jeans\"}}]"}}, {"model": "admin.logentry", "pk": 46, "fields": {"action_time": "2024-04-29T23:25:04.178Z", "user": 1, "content_type": 8, "object_id": "1", "object_repr": "ATX jeans", "action_flag": 2, "change_message": "[{\"deleted\": {\"name\": \"productgallery\", \"object\": \"ATX jeans\"}}]"}}, {"model": "admin.logentry", "pk": 47, "fields": {"action_time": "2024-04-29T23:25:15.557Z", "user": 1, "content_type": 8, "object_id": "1", "object_repr": "ATX jeans", "action_flag": 2, "change_message": "[{\"added\": {\"name\": \"productgallery\", \"object\": \"ATX jeans\"}}]"}}, {"model": "admin.logentry", "pk": 48, "fields": {"action_time": "2024-04-29T23:26:19.620Z", "user": 1, "content_type": 8, "object_id": "1", "object_repr": "ATX jeans", "action_flag": 2, "change_message": "[{\"changed\": {\"name\": \"productgallery\", \"object\": \"ATX jeans\", \"fields\": [\"Image\"]}}]"}}, {"model": "admin.logentry", "pk": 49, "fields": {"action_time": "2024-04-29T23:41:27.988Z", "user": 1, "content_type": 8, "object_id": "5", "object_repr": "Mavi Jeans", "action_flag": 2, "change_message": "[{\"changed\": {\"fields\": [\"Image\"]}}]"}}, {"model": "auth.permission", "pk": 1, "fields": {"name": "Can add log entry", "content_type": 1, "codename": "add_logentry"}}, {"model": "auth.permission", "pk": 2, "fields": {"name": "Can change log entry", "content_type": 1, "codename": "change_logentry"}}, {"model": "auth.permission", "pk": 3, "fields": {"name": "Can delete log entry", "content_type": 1, "codename": "delete_logentry"}}, {"model": "auth.permission", "pk": 4, "fields": {"name": "Can view log entry", "content_type": 1, "codename": "view_logentry"}}, {"model": "auth.permission", "pk": 5, "fields": {"name": "Can add permission", "content_type": 2, "codename": "add_permission"}}, {"model": "auth.permission", "pk": 6, "fields": {"name": "Can change permission", "content_type": 2, "codename": "change_permission"}}, {"model": "auth.permission", "pk": 7, "fields": {"name": "Can delete permission", "content_type": 2, "codename": "delete_permission"}}, {"model": "auth.permission", "pk": 8, "fields": {"name": "Can view permission", "content_type": 2, "codename": "view_permission"}}, {"model": "auth.permission", "pk": 9, "fields": {"name": "Can add group", "content_type": 3, "codename": "add_group"}}, {"model": "auth.permission", "pk": 10, "fields": {"name": "Can change group", "content_type": 3, "codename": "change_group"}}, {"model": "auth.permission", "pk": 11, "fields": {"name": "Can delete group", "content_type": 3, "codename": "delete_group"}}, {"model": "auth.permission", "pk": 12, "fields": {"name": "Can view group", "content_type": 3, "codename": "view_group"}}, {"model": "auth.permission", "pk": 13, "fields": {"name": "Can add content type", "content_type": 4, "codename": "add_contenttype"}}, {"model": "auth.permission", "pk": 14, "fields": {"name": "Can change content type", "content_type": 4, "codename": "change_contenttype"}}, {"model": "auth.permission", "pk": 15, "fields": {"name": "Can delete content type", "content_type": 4, "codename": "delete_contenttype"}}, {"model": "auth.permission", "pk": 16, "fields": {"name": "Can view content type", "content_type": 4, "codename": "view_contenttype"}}, {"model": "auth.permission", "pk": 17, "fields": {"name": "Can add session", "content_type": 5, "codename": "add_session"}}, {"model": "auth.permission", "pk": 18, "fields": {"name": "Can change session", "content_type": 5, "codename": "change_session"}}, {"model": "auth.permission", "pk": 19, "fields": {"name": "Can delete session", "content_type": 5, "codename": "delete_session"}}, {"model": "auth.permission", "pk": 20, "fields": {"name": "Can view session", "content_type": 5, "codename": "view_session"}}, {"model": "auth.permission", "pk": 21, "fields": {"name": "Can add category", "content_type": 6, "codename": "add_category"}}, {"model": "auth.permission", "pk": 22, "fields": {"name": "Can change category", "content_type": 6, "codename": "change_category"}}, {"model": "auth.permission", "pk": 23, "fields": {"name": "Can delete category", "content_type": 6, "codename": "delete_category"}}, {"model": "auth.permission", "pk": 24, "fields": {"name": "Can view category", "content_type": 6, "codename": "view_category"}}, {"model": "auth.permission", "pk": 25, "fields": {"name": "Can add account", "content_type": 7, "codename": "add_account"}}, {"model": "auth.permission", "pk": 26, "fields": {"name": "Can change account", "content_type": 7, "codename": "change_account"}}, {"model": "auth.permission", "pk": 27, "fields": {"name": "Can delete account", "content_type": 7, "codename": "delete_account"}}, {"model": "auth.permission", "pk": 28, "fields": {"name": "Can view account", "content_type": 7, "codename": "view_account"}}, {"model": "auth.permission", "pk": 29, "fields": {"name": "Can add product", "content_type": 8, "codename": "add_product"}}, {"model": "auth.permission", "pk": 30, "fields": {"name": "Can change product", "content_type": 8, "codename": "change_product"}}, {"model": "auth.permission", "pk": 31, "fields": {"name": "Can delete product", "content_type": 8, "codename": "delete_product"}}, {"model": "auth.permission", "pk": 32, "fields": {"name": "Can view product", "content_type": 8, "codename": "view_product"}}, {"model": "auth.permission", "pk": 33, "fields": {"name": "Can add variation", "content_type": 9, "codename": "add_variation"}}, {"model": "auth.permission", "pk": 34, "fields": {"name": "Can change variation", "content_type": 9, "codename": "change_variation"}}, {"model": "auth.permission", "pk": 35, "fields": {"name": "Can delete variation", "content_type": 9, "codename": "delete_variation"}}, {"model": "auth.permission", "pk": 36, "fields": {"name": "Can view variation", "content_type": 9, "codename": "view_variation"}}, {"model": "auth.permission", "pk": 37, "fields": {"name": "Can add cart", "content_type": 10, "codename": "add_cart"}}, {"model": "auth.permission", "pk": 38, "fields": {"name": "Can change cart", "content_type": 10, "codename": "change_cart"}}, {"model": "auth.permission", "pk": 39, "fields": {"name": "Can delete cart", "content_type": 10, "codename": "delete_cart"}}, {"model": "auth.permission", "pk": 40, "fields": {"name": "Can view cart", "content_type": 10, "codename": "view_cart"}}, {"model": "auth.permission", "pk": 41, "fields": {"name": "Can add cart item", "content_type": 11, "codename": "add_cartitem"}}, {"model": "auth.permission", "pk": 42, "fields": {"name": "Can change cart item", "content_type": 11, "codename": "change_cartitem"}}, {"model": "auth.permission", "pk": 43, "fields": {"name": "Can delete cart item", "content_type": 11, "codename": "delete_cartitem"}}, {"model": "auth.permission", "pk": 44, "fields": {"name": "Can view cart item", "content_type": 11, "codename": "view_cartitem"}}, {"model": "auth.permission", "pk": 45, "fields": {"name": "Can add order", "content_type": 12, "codename": "add_order"}}, {"model": "auth.permission", "pk": 46, "fields": {"name": "Can change order", "content_type": 12, "codename": "change_order"}}, {"model": "auth.permission", "pk": 47, "fields": {"name": "Can delete order", "content_type": 12, "codename": "delete_order"}}, {"model": "auth.permission", "pk": 48, "fields": {"name": "Can view order", "content_type": 12, "codename": "view_order"}}, {"model": "auth.permission", "pk": 49, "fields": {"name": "Can add payment", "content_type": 13, "codename": "add_payment"}}, {"model": "auth.permission", "pk": 50, "fields": {"name": "Can change payment", "content_type": 13, "codename": "change_payment"}}, {"model": "auth.permission", "pk": 51, "fields": {"name": "Can delete payment", "content_type": 13, "codename": "delete_payment"}}, {"model": "auth.permission", "pk": 52, "fields": {"name": "Can view payment", "content_type": 13, "codename": "view_payment"}}, {"model": "auth.permission", "pk": 53, "fields": {"name": "Can add order product", "content_type": 14, "codename": "add_orderproduct"}}, {"model": "auth.permission", "pk": 54, "fields": {"name": "Can change order product", "content_type": 14, "codename": "change_orderproduct"}}, {"model": "auth.permission", "pk": 55, "fields": {"name": "Can delete order product", "content_type": 14, "codename": "delete_orderproduct"}}, {"model": "auth.permission", "pk": 56, "fields": {"name": "Can view order product", "content_type": 14, "codename": "view_orderproduct"}}, {"model": "auth.permission", "pk": 57, "fields": {"name": "Can add review rating", "content_type": 15, "codename": "add_reviewrating"}}, {"model": "auth.permission", "pk": 58, "fields": {"name": "Can change review rating", "content_type": 15, "codename": "change_reviewrating"}}, {"model": "auth.permission", "pk": 59, "fields": {"name": "Can delete review rating", "content_type": 15, "codename": "delete_reviewrating"}}, {"model": "auth.permission", "pk": 60, "fields": {"name": "Can view review rating", "content_type": 15, "codename": "view_reviewrating"}}, {"model": "auth.permission", "pk": 61, "fields": {"name": "Can add user profile", "content_type": 16, "codename": "add_userprofile"}}, {"model": "auth.permission", "pk": 62, "fields": {"name": "Can change user profile", "content_type": 16, "codename": "change_userprofile"}}, {"model": "auth.permission", "pk": 63, "fields": {"name": "Can delete user profile", "content_type": 16, "codename": "delete_userprofile"}}, {"model": "auth.permission", "pk": 64, "fields": {"name": "Can view user profile", "content_type": 16, "codename": "view_userprofile"}}, {"model": "auth.permission", "pk": 65, "fields": {"name": "Can add productgallery", "content_type": 17, "codename": "add_productgallery"}}, {"model": "auth.permission", "pk": 66, "fields": {"name": "Can change productgallery", "content_type": 17, "codename": "change_productgallery"}}, {"model": "auth.permission", "pk": 67, "fields": {"name": "Can delete productgallery", "content_type": 17, "codename": "delete_productgallery"}}, {"model": "auth.permission", "pk": 68, "fields": {"name": "Can view productgallery", "content_type": 17, "codename": "view_productgallery"}}, {"model": "auth.permission", "pk": 69, "fields": {"name": "Can add login attempt", "content_type": 18, "codename": "add_loginattempt"}}, {"model": "auth.permission", "pk": 70, "fields": {"name": "Can change login attempt", "content_type": 18, "codename": "change_loginattempt"}}, {"model": "auth.permission", "pk": 71, "fields": {"name": "Can delete login attempt", "content_type": 18, "codename": "delete_loginattempt"}}, {"model": "auth.permission", "pk": 72, "fields": {"name": "Can view login attempt", "content_type": 18, "codename": "view_loginattempt"}}, {"model": "contenttypes.contenttype", "pk": 1, "fields": {"app_label": "admin", "model": "logentry"}}, {"model": "contenttypes.contenttype", "pk": 2, "fields": {"app_label": "auth", "model": "permission"}}, {"model": "contenttypes.contenttype", "pk": 3, "fields": {"app_label": "auth", "model": "group"}}, {"model": "contenttypes.contenttype", "pk": 4, "fields": {"app_label": "contenttypes", "model": "contenttype"}}, {"model": "contenttypes.contenttype", "pk": 5, "fields": {"app_label": "sessions", "model": "session"}}, {"model": "contenttypes.contenttype", "pk": 6, "fields": {"app_label": "category2", "model": "category"}}, {"model": "contenttypes.contenttype", "pk": 7, "fields": {"app_label": "accounts", "model": "account"}}, {"model": "contenttypes.contenttype", "pk": 8, "fields": {"app_label": "store", "model": "product"}}, {"model": "contenttypes.contenttype", "pk": 9, "fields": {"app_label": "store", "model": "variation"}}, {"model": "contenttypes.contenttype", "pk": 10, "fields": {"app_label": "carts", "model": "cart"}}, {"model": "contenttypes.contenttype", "pk": 11, "fields": {"app_label": "carts", "model": "cartitem"}}, {"model": "contenttypes.contenttype", "pk": 12, "fields": {"app_label": "orders", "model": "order"}}, {"model": "contenttypes.contenttype", "pk": 13, "fields": {"app_label": "orders", "model": "payment"}}, {"model": "contenttypes.contenttype", "pk": 14, "fields": {"app_label": "orders", "model": "orderproduct"}}, {"model": "contenttypes.contenttype", "pk": 15, "fields": {"app_label": "store", "model": "reviewrating"}}, {"model": "contenttypes.contenttype", "pk": 16, "fields": {"app_label": "accounts", "model": "userprofile"}}, {"model": "contenttypes.contenttype", "pk": 17, "fields": {"app_label": "store", "model": "productgallery"}}, {"model": "contenttypes.contenttype", "pk": 18, "fields": {"app_label": "admin_honeypot", "model": "loginattempt"}}, {"model": "sessions.session", "pk": "13fwmwb7tigg7prpe4z8aj8g355b1ah8", "fields": {"session_data": "e30:1rzQ7q:P3aoPTmW8xFtsdeXpvCXnapuW0txBbITehkpb67Q5sY", "expire_date": "2024-05-08T00:04:38.663Z"}}, {"model": "sessions.session", "pk": "2gdh762jiwiw3pmtqwb0h5cnk477nekf", "fields": {"session_data": "e30:1rzQ4m:rNNV5-nCPiG5ae3awQC97taSSxDHWSI3nG3OWROXpgI", "expire_date": "2024-05-08T00:01:28.858Z"}}, {"model": "sessions.session", "pk": "6npee3rwn9a3e41jfi2bzphar4bg7dw4", "fields": {"session_data": "e30:1rzQ3s:wAhUhfdiEAabxK7-CHu9FV4mt4NbIyxPnwAEDcg9JfY", "expire_date": "2024-05-08T00:00:32.495Z"}}, {"model": "sessions.session", "pk": "87abc7xwxwii27taoew2k0z4skopgmdq", "fields": {"session_data": "e30:1rzQ7S:n9MhVhTmENqlCKcPkNQcUpQ_wgCSrkCRQKy1hgIHlhE", "expire_date": "2024-05-08T00:04:14.968Z"}}, {"model": "sessions.session", "pk": "9w35j6x83yndwuyrl3dlz3e95xcfg803", "fields": {"session_data": ".eJxVjMsOwiAQRf-FtSG8GVy67zeQAUapGkhKuzL-uzbpQrf3nHNfLOK21rgNWuJc2JlJdvrdEuYHtR2UO7Zb57m3dZkT3xV-0MGnXuh5Ody_g4qjfmsNyqIBSCgzKFlIaueEvHqBAEKQK8V67VNQFLJ1CQ1Jm5zVSpkAiOz9AcE4Nw0:1s17Xj:br1jYk_9HDgdC-5blxcRPo9yI9CSq_bzDcF9pgLZ4kM", "expire_date": "2024-05-12T16:38:23.658Z"}}, {"model": "sessions.session", "pk": "c03g2tqx0w3axgd8p7mtjrfbam0a26xi", "fields": {"session_data": ".eJxVjDEOwyAQBP9CHSHwAZZTps8b0N1xBCcRloxdWfl7bMlFUmyzM7ubirguJa5N5jgmdVVWXX47Qn5JPUB6Yn1Mmqe6zCPpQ9Enbfo-JXnfTvfvoGAr-xqyIBAGYjG2p5SHnHLwjkTQIwzBcI8MHVgynlznJHgPYPZk8gzq8wUaFjh2:1rs82u:7pgIq7WRjDYTlh28ODCnGOLCXfLw-BIu940Ydbl55GQ", "expire_date": "2024-04-17T21:21:24.225Z"}}, {"model": "sessions.session", "pk": "cxhy3ct5rzsv7lnz431kuys1o3dzxtra", "fields": {"session_data": ".eJxVjDsOwjAQBe_iGlnxh42Xkj5nsHb9wQFkS3FSIe4OkVJA-2bmvYSnbS1-62nxcxQXocXpd2MKj1R3EO9Ub02GVtdlZrkr8qBdTi2m5_Vw_w4K9fKtIUdtSOWRA7oQgQGyyUZrtKwGG1JyCApw1DYbw6gsZEKTHDO44Uzi_QHpZTe4:1s3KM5:wnhAyXtSJ9n4gaMlBZU0QYvfl3EAzq5vaBTBP122N1c", "expire_date": "2024-05-18T18:43:29.060Z"}}, {"model": "sessions.session", "pk": "f3t0r13r9lbkuc8xp306ag2qp518i34k", "fields": {"session_data": ".eJxVjMEOwiAQBf-FsyFAWVg8evcbCCwgVQNJaU_Gf9cmPej1zcx7MR-2tfpt5MXPiZ2ZYqffLQZ65LaDdA_t1jn1ti5z5LvCDzr4taf8vBzu30ENo37rQFJrLQhDnAAwgrNOFLBAKJBMVroUAjTWyWhQKUiTnpIp5FBmQY69P8o_NzA:1rpey4:YxffQv3xvyF-0oyj8qg-2lrEhSDWwYvJveo7QowNHqg", "expire_date": "2024-04-11T01:54:12.459Z"}}, {"model": "sessions.session", "pk": "fir0nrge5aps22q8epqzt30tuvrkqtli", "fields": {"session_data": "e30:1rzOJI:N7CMFNIEbMNXBKg9MtLfE1dDnJrWBY5ipxzLSwOTKnE", "expire_date": "2024-05-07T22:08:20.847Z"}}, {"model": "sessions.session", "pk": "jagmduynugjckfverjnmouoc8x8in0ac", "fields": {"session_data": "e30:1rzQ4u:ehj5bRBeC7Umsha8UmQ1JB2eKt91dxsUWxbFZO-2vFo", "expire_date": "2024-05-08T00:01:36.117Z"}}, {"model": "sessions.session", "pk": "jh13s83qhkl1mkz8vg6qtj51gl00wtwe", "fields": {"session_data": "e30:1rzOIq:IWq2K9w85QheYuBn5OFckomWp26A1YS0u4OzvHyTuiE", "expire_date": "2024-05-07T22:07:52.087Z"}}, {"model": "sessions.session", "pk": "mif0278945200k712dqbczi7knifyc3s", "fields": {"session_data": "e30:1rzQ7c:iN0QZPhZfc5cdoxDYkWo9YAy9II7eHDv2MUHI--qkuM", "expire_date": "2024-05-08T00:04:24.784Z"}}, {"model": "sessions.session", "pk": "s8ss1qdgo37r1w8vhosa7mlz3exyqs5q", "fields": {"session_data": ".eJxVjDsOwjAQBe_iGln-x6GkzxmstXeNA8iW4qRC3J1ESgHtm5n3ZgG2tYSt0xJmZFem2OV3i5CeVA-AD6j3xlOr6zJHfij8pJ1PDel1O92_gwK97LUzEGUas7WYB4negTY5ak9GJ_JKZSGk1aNFZ_ygZIYdKiCwqKPLwrDPF-fUN_0:1s4sb2:iYZQM4Jv5fScQyGz0RV5aAhDIfnDPjuWgmjUlgBhhrA", "expire_date": "2024-05-23T01:29:20.674Z"}}, {"model": "sessions.session", "pk": "urqrp17e42bfut77nkkmhgbhkjouwu2r", "fields": {"session_data": "e30:1rzQfH:ED97MB_ba6n1kFaME1-b8pziroP_f83ONkfn3JnXRBI", "expire_date": "2024-05-08T00:39:11.139Z"}}, {"model": "sessions.session", "pk": "yzerppm3jmplx36lpa0epzfi52zazg66", "fields": {"session_data": "e30:1rzOJH:wFwJ0AAMJrY6f6ndQ30zYZqJhIigBmgJooAE7nXIbaM", "expire_date": "2024-05-07T22:08:19.940Z"}}, {"model": "sessions.session", "pk": "zl9vqalsm2ihv355pjaqfbla53sb89uc", "fields": {"session_data": ".eJxVjDsOgzAQRO_iOrL8YbGdMj1nsNbeJSaJjIShinL3gESRlDPvzbxFxG0tcWu8xInEVRhx-e0S5ifXA9AD632Wea7rMiV5KPKkTQ4z8et2un8HBVvZ14DJAxAAms46B5bNHpmhtxCQs3GKFHI_BpNABae9phEtat8lC-TF5wvRsjd3:1rn3HS:ZbUdDMhDITMeqyMmH74GNOhrNyiWW4XPPN3tisiF1oU", "expire_date": "2024-04-03T21:15:26.073Z"}}, {"model": "category2.category", "pk": 1, "fields": {"category_name": "Jackets", "slug": "jackets", "description": "These are jackets", "cat_image": "photos/categories/jackets_YIYscIj.jpg"}}, {"model": "category2.category", "pk": 2, "fields": {"category_name": "Jeans", "slug": "jeans", "description": "This is jeans", "cat_image": "photos/categories/jeans_v0UxImq.jpg"}}, {"model": "category2.category", "pk": 3, "fields": {"category_name": "Shoes", "slug": "shoes", "description": "These are shoes that you wear on your foot", "cat_image": "photos/categories/shoes_8sfhInR.png"}}, {"model": "category2.category", "pk": 4, "fields": {"category_name": "T Shirt", "slug": "t-shirt", "description": "These are shirts that you wear in the summer to shwo muscles and a good pump", "cat_image": "photos/categories/tshirts_qmn1x4u.jpg"}}, {"model": "category2.category", "pk": 5, "fields": {"category_name": "Shirts", "slug": "shirts", "description": "These are shirts", "cat_image": "photos/categories/shirts_q2QoBMY.jpg"}}, {"model": "accounts.account", "pk": 1, "fields": {"password": "pbkdf2_sha256$260000$1Vi8kGqBdijxhMUgQZllsa$4lVcY+CbjkUu/+w4a1Fae8Mh1Td+uZDmKQcZV+os1eI=", "first_name": "saad", "last_name": "ali", "username": "saad5580", "email": "saad5580@mylaurier.ca", "phone_number": "", "date_joined": "2024-03-15T22:22:24.662Z", "last_login": "2024-04-29T22:46:10.272Z", "is_admin": true, "is_staff": true, "is_active": true, "is_superadmin": true}}, {"model": "accounts.account", "pk": 2, "fields": {"password": "pbkdf2_sha256$260000$7eBkGepp3TXv0uQYtf0FPG$tOUXghMb15A1H04VS/ug9MJKbfs1Iuosx80LsyUjaXs=", "first_name": "saad", "last_name": "Ali", "username": "saadzdragon4", "email": "saadzdragon4@gmail.com", "phone_number": "2266060882", "date_joined": "2024-03-15T22:45:36.348Z", "last_login": "2024-05-09T01:29:20.668Z", "is_admin": false, "is_staff": false, "is_active": true, "is_superadmin": false}}, {"model": "accounts.account", "pk": 3, "fields": {"password": "pbkdf2_sha256$720000$Tp3w8XJbOt0506C42JmXiB$VVZkvvKzqe7XSHWjbqyqdMyLEsiUcYHUTeJ5aOhyQG4=", "first_name": "somthign", "last_name": "something", "username": "djangodeveloper", "email": "djangodeveloper@gmail.com", "phone_number": "234987293847", "date_joined": "2024-04-02T03:11:28.260Z", "last_login": "2024-04-02T03:11:28.260Z", "is_admin": false, "is_staff": false, "is_active": false, "is_superadmin": false}}, {"model": "accounts.userprofile", "pk": 1, "fields": {"user": 2, "address_line_1": "513C, sunnydale place, Waterloo, ON", "address_line_2": "N2L 4S9", "profile_picture": "userprofile/default-user.png", "city": "Waterloo", "state": "ON", "country": "Canada"}}, {"model": "accounts.userprofile", "pk": 2, "fields": {"user": 3, "address_line_1": "", "address_line_2": "", "profile_picture": "default/default-user.png", "city": "", "state": "", "country": ""}}, {"model": "store.product", "pk": 1, "fields": {"product_name": "ATX jeans", "slug": "atx-jeans", "description": "These are ATX jeans", "price": 199, "image": "cartoon-ripped-denim-jeans-pants-vector-29562156-removebg-preview.png", "stock": 95, "is_available": true, "category": 2, "created_date": "2024-03-15T22:37:25.695Z", "modified_date": "2024-04-30T00:01:48.524Z"}}, {"model": "store.product", "pk": 2, "fields": {"product_name": "RXN Blue Shirt", "slug": "rxn-blue-shirt", "description": "Blue shirt", "price": 99, "image": "istockphoto-1405898065-612x612-removebg-preview.png", "stock": 150, "is_available": true, "category": 5, "created_date": "2024-03-15T22:38:35.605Z", "modified_date": "2024-04-29T23:14:58.821Z"}}, {"model": "store.product", "pk": 3, "fields": {"product_name": "Great Tshirt", "slug": "great-tshirt", "description": "alskdjflaksdjflkasjdlfksdjlkf", "price": 59, "image": "pngtree-solid-color-cartoon-t-shirt-clipart-png-image_2482042-removebg-preview.png", "stock": 40, "is_available": true, "category": 5, "created_date": "2024-03-15T22:39:17.218Z", "modified_date": "2024-04-29T23:13:39.940Z"}}, {"model": "store.product", "pk": 4, "fields": {"product_name": "Jordan Basketball Shoes", "slug": "jordan-basketball-shoes", "description": "SDFdsfgdsfgsdfg", "price": 999, "image": "baskeballsheoss.png", "stock": 45, "is_available": true, "category": 3, "created_date": "2024-03-15T22:39:45.567Z", "modified_date": "2024-04-29T23:05:13.078Z"}}, {"model": "store.product", "pk": 5, "fields": {"product_name": "Mavi Jeans", "slug": "mavi-jeans", "description": "sdfasdfasf", "price": 69, "image": "Medium-767977TNW111672_F-removebg-preview.png", "stock": 100, "is_available": true, "category": 2, "created_date": "2024-03-15T22:40:15.134Z", "modified_date": "2024-04-29T23:41:27.986Z"}}, {"model": "store.product", "pk": 6, "fields": {"product_name": "Puma Ferrari Shoes", "slug": "puma-ferrari-shoes", "description": "asdfsdfsd", "price": 900, "image": "convverse.png", "stock": 900, "is_available": true, "category": 3, "created_date": "2024-03-15T22:40:36.224Z", "modified_date": "2024-04-29T23:03:24.495Z"}}, {"model": "store.product", "pk": 7, "fields": {"product_name": "US Polo Assn Jacket", "slug": "us-polo-assn-jacket", "description": "asdfsadfasdf", "price": 900, "image": "usplojacket.png", "stock": 800, "is_available": true, "category": 1, "created_date": "2024-03-15T22:41:06.812Z", "modified_date": "2024-04-29T23:02:22.954Z"}}, {"model": "store.product", "pk": 8, "fields": {"product_name": "Wrangler Shirt", "slug": "wrangler-shirt", "description": "tfghfcx yjctgyukj", "price": 788, "image": "t-shirttt.png", "stock": 567, "is_available": true, "category": 5, "created_date": "2024-03-15T22:42:31.287Z", "modified_date": "2024-04-29T23:00:13.176Z"}}, {"model": "store.variation", "pk": 1, "fields": {"product": 1, "variation_category": "color", "variation_value": "White", "is_active": true, "create_date": "2024-03-15T22:43:25.638Z"}}, {"model": "store.variation", "pk": 2, "fields": {"product": 1, "variation_category": "color", "variation_value": "green", "is_active": true, "create_date": "2024-03-15T22:43:32.728Z"}}, {"model": "store.variation", "pk": 3, "fields": {"product": 1, "variation_category": "color", "variation_value": "blue", "is_active": true, "create_date": "2024-03-15T22:43:41.736Z"}}, {"model": "store.variation", "pk": 5, "fields": {"product": 1, "variation_category": "size", "variation_value": "Small", "is_active": true, "create_date": "2024-03-15T22:44:25.177Z"}}, {"model": "store.variation", "pk": 6, "fields": {"product": 1, "variation_category": "size", "variation_value": "Medium", "is_active": true, "create_date": "2024-03-15T22:44:32.942Z"}}, {"model": "store.variation", "pk": 7, "fields": {"product": 1, "variation_category": "size", "variation_value": "Large", "is_active": true, "create_date": "2024-03-15T22:44:43.056Z"}}, {"model": "store.reviewrating", "pk": 1, "fields": {"product": 1, "user": 2, "subject": "sxcsdf", "review": "sdfsdf", "rating": 3.0, "ip": "127.0.0.1", "status": true, "created_at": "2024-03-19T21:52:25.967Z", "updated_at": "2024-04-01T23:35:02.940Z"}}, {"model": "store.productgallery", "pk": 5, "fields": {"product": 8, "image": "store/products/tshirt-2.jpg"}}, {"model": "store.productgallery", "pk": 7, "fields": {"product": 1, "image": "store/products/vector-cartoon-illustration-folded-black-denim-jeans-on-white-background-400-173856512-removebg-preview.png"}}, {"model": "store.productgallery", "pk": 8, "fields": {"product": 1, "image": "store/products/111849294-vector-single-cartoon-illustration-folded-denim-jeans-on-white-background-removebg-preview_ur5MvaN.png"}}, {"model": "store.productgallery", "pk": 9, "fields": {"product": 1, "image": "store/products/cartoon-black-denim-jeans-pants-front-view-vector-29562153-removebg-preview.png"}}, {"model": "carts.cart", "pk": 1, "fields": {"cart_id": "domy64eazqp4t9jimlc4bdoylsul8b3k", "date_added": "2024-03-15"}}, {"model": "carts.cart", "pk": 2, "fields": {"cart_id": "al6z6t6cy6440wdwn3rtol1s78fb61s3", "date_added": "2024-03-15"}}, {"model": "carts.cart", "pk": 3, "fields": {"cart_id": "8enf569r9tjc91e5yw6j5cfidzzx6yg1", "date_added": "2024-03-19"}}, {"model": "carts.cart", "pk": 4, "fields": {"cart_id": "pl8gi7ef08ty3nnp8al2s7d1mpimkyv8", "date_added": "2024-03-19"}}, {"model": "carts.cart", "pk": 5, "fields": {"cart_id": "sg94u5hcohzn8nbz19oqbjj5o0jcmgzu", "date_added": "2024-04-01"}}, {"model": "carts.cart", "pk": 6, "fields": {"cart_id": "ht4c6nrxa4iqe6ag5cq4ufdpxj5mm2aa", "date_added": "2024-04-01"}}, {"model": "carts.cart", "pk": 7, "fields": {"cart_id": "xpa19m7z27za1p2dawrcnrxyoynhtf75", "date_added": "2024-04-25"}}, {"model": "carts.cart", "pk": 8, "fields": {"cart_id": "j02wl6p6k39cowucrpgmk8hrtnmguhfd", "date_added": "2024-04-27"}}, {"model": "carts.cart", "pk": 9, "fields": {"cart_id": "icwvfaez63tzxe64nwts1osqk5l53sw1", "date_added": "2024-04-29"}}, {"model": "carts.cart", "pk": 10, "fields": {"cart_id": "9l68uuxynoki7kwumfrjl6o8ke3xz5uq", "date_added": "2024-05-06"}}, {"model": "carts.cart", "pk": 11, "fields": {"cart_id": "yv2n6nhzzplymkqjq3cqlq3nfiey13kk", "date_added": "2024-05-06"}}, {"model": "carts.cartitem", "pk": 1, "fields": {"user": 1, "product": 1, "cart": 1, "quantity": 3, "is_active": true, "variations": [1, 5]}}, {"model": "carts.cartitem", "pk": 11, "fields": {"user": null, "product": 1, "cart": 7, "quantity": 2, "is_active": true, "variations": [1, 6]}}, {"model": "orders.payment", "pk": 1, "fields": {"user": 2, "payment_id": "7BH78200RD9700452", "payment_method": "PayPal", "amount_paid": "202.98", "status": "COMPLETED", "created_at": "2024-03-15T22:46:48.429Z"}}, {"model": "orders.payment", "pk": 2, "fields": {"user": 2, "payment_id": "71S68517J7919851U", "payment_method": "PayPal", "amount_paid": "405.96", "status": "COMPLETED", "created_at": "2024-03-19T21:42:26.415Z"}}, {"model": "orders.payment", "pk": 3, "fields": {"user": 2, "payment_id": "35E26698W83430046", "payment_method": "PayPal", "amount_paid": "202.98", "status": "COMPLETED", "created_at": "2024-03-19T21:47:31.518Z"}}, {"model": "orders.payment", "pk": 4, "fields": {"user": 2, "payment_id": "825508598Y1594615", "payment_method": "PayPal", "amount_paid": "202.98", "status": "COMPLETED", "created_at": "2024-04-30T00:01:48.477Z"}}, {"model": "orders.order", "pk": 1, "fields": {"user": 2, "payment": 1, "order_number": "202403151", "first_name": "Saad", "last_name": "Muhammad", "phone": "2266060882", "email": "saadzdragon4@gmail.com", "address_line_1": "513C, sunnydale place, Waterloo, ON", "address_line_2": "N2L 4S9", "country": "Canada", "state": "ON", "city": "Waterloo", "order_note": "sdfsd", "order_total": 202.98, "tax": 3.98, "status": "New", "ip": "127.0.0.1", "is_ordered": true, "created_at": "2024-03-15T22:46:33.692Z", "updated_at": "2024-03-15T22:46:48.439Z"}}, {"model": "orders.order", "pk": 2, "fields": {"user": 2, "payment": 2, "order_number": "202403192", "first_name": "Saad", "last_name": "Muhammad", "phone": "2266060882", "email": "saadzdragon4@gmail.com", "address_line_1": "513C, sunnydale place, Waterloo, ON", "address_line_2": "N2L 4S9", "country": "Canada", "state": "ON", "city": "Waterloo", "order_note": "sdfsdf", "order_total": 405.96, "tax": 7.96, "status": "New", "ip": "127.0.0.1", "is_ordered": true, "created_at": "2024-03-19T21:41:29.758Z", "updated_at": "2024-03-19T21:42:26.419Z"}}, {"model": "orders.order", "pk": 3, "fields": {"user": 2, "payment": 3, "order_number": "202403193", "first_name": "Saad", "last_name": "Muhammad", "phone": "2266060882", "email": "saadzdragon4@gmail.com", "address_line_1": "513C, sunnydale place, Waterloo, ON", "address_line_2": "N2L 4S9", "country": "Canada", "state": "ON", "city": "Waterloo", "order_note": "jhjhjh", "order_total": 202.98, "tax": 3.98, "status": "New", "ip": "127.0.0.1", "is_ordered": true, "created_at": "2024-03-19T21:47:15.850Z", "updated_at": "2024-03-19T21:47:31.523Z"}}, {"model": "orders.order", "pk": 4, "fields": {"user": 2, "payment": 4, "order_number": "202404294", "first_name": "Saad", "last_name": "Muhammad", "phone": "2266060882", "email": "muhas6638@gmail.com", "address_line_1": "513C, sunnydale place, Waterloo, ON", "address_line_2": "N2L 4S9", "country": "Canada", "state": "ON", "city": "Waterloo", "order_note": "yiluiluil", "order_total": 202.98, "tax": 3.98, "status": "New", "ip": "127.0.0.1", "is_ordered": true, "created_at": "2024-04-30T00:01:25.644Z", "updated_at": "2024-04-30T00:01:48.484Z"}}, {"model": "orders.orderproduct", "pk": 1, "fields": {"order": 1, "payment": 1, "user": 2, "product": 1, "quantity": 1, "product_price": 199.0, "ordered": true, "created_at": "2024-03-15T22:46:48.451Z", "updated_at": "2024-03-15T22:46:48.476Z", "variations": [1, 5]}}, {"model": "orders.orderproduct", "pk": 2, "fields": {"order": 2, "payment": 2, "user": 2, "product": 1, "quantity": 1, "product_price": 199.0, "ordered": true, "created_at": "2024-03-19T21:42:26.422Z", "updated_at": "2024-03-19T21:42:26.426Z", "variations": [1, 6]}}, {"model": "orders.orderproduct", "pk": 3, "fields": {"order": 2, "payment": 2, "user": 2, "product": 1, "quantity": 1, "product_price": 199.0, "ordered": true, "created_at": "2024-03-19T21:42:26.429Z", "updated_at": "2024-03-19T21:42:26.432Z", "variations": [1, 5]}}, {"model": "orders.orderproduct", "pk": 4, "fields": {"order": 3, "payment": 3, "user": 2, "product": 1, "quantity": 1, "product_price": 199.0, "ordered": true, "created_at": "2024-03-19T21:47:31.526Z", "updated_at": "2024-03-19T21:47:31.530Z", "variations": [1, 5]}}, {"model": "orders.orderproduct", "pk": 5, "fields": {"order": 4, "payment": 4, "user": 2, "product": 1, "quantity": 1, "product_price": 199.0, "ordered": true, "created_at": "2024-04-30T00:01:48.494Z", "updated_at": "2024-04-30T00:01:48.515Z", "variations": [1, 5]}}, {"model": "admin_honeypot.loginattempt", "pk": 1, "fields": {"username": "saad5580@mylaurier.ca", "ip_address": "127.0.0.1", "session_key": "lyi2meod2n5txypiml31op1vu00obd2u", "user_agent": "Mozilla/5.0 (Windows NT 10.0; Win64; x64) AppleWebKit/537.36 (KHTML, like Gecko) Chrome/124.0.0.0 Safari/537.36", "timestamp": "2024-04-23T05:05:06.529Z", "path": "/admin/login/?next=/admin/"}}, {"model": "admin_honeypot.loginattempt", "pk": 2, "fields": {"username": "saad5580@mylaurier.ca", "ip_address": "127.0.0.1", "session_key": "lyi2meod2n5txypiml31op1vu00obd2u", "user_agent": "Mozilla/5.0 (Windows NT 10.0; Win64; x64) AppleWebKit/537.36 (KHTML, like Gecko) Chrome/124.0.0.0 Safari/537.36", "timestamp": "2024-04-23T05:05:07.575Z", "path": "/admin/login/?next=/admin/"}}, {"model": "admin_honeypot.loginattempt", "pk": 3, "fields": {"username": "saad5580@mylaurier.ca", "ip_address": "127.0.0.1", "session_key": "lyi2meod2n5txypiml31op1vu00obd2u", "user_agent": "Mozilla/5.0 (Windows NT 10.0; Win64; x64) AppleWebKit/537.36 (KHTML, like Gecko) Chrome/124.0.0.0 Safari/537.36", "timestamp": "2024-04-23T05:05:07.950Z", "path": "/admin/login/?next=/admin/"}}, {"model": "admin_honeypot.loginattempt", "pk": 4, "fields": {"username": "saadzdragon4@gmail.com", "ip_address": "127.0.0.1", "session_key": "wy6zo74jkvbo3ohrecjuiu07g7juglud", "user_agent": "Mozilla/5.0 (Windows NT 10.0; Win64; x64) AppleWebKit/537.36 (KHTML, like Gecko) Chrome/124.0.0.0 Safari/537.36", "timestamp": "2024-04-25T18:19:00.407Z", "path": "/admin/login/?next=/admin/"}}, {"model": "admin_honeypot.loginattempt", "pk": 5, "fields": {"username": "saadzdragon4@gmail.com", "ip_address": "127.0.0.1", "session_key": "wy6zo74jkvbo3ohrecjuiu07g7juglud", "user_agent": "Mozilla/5.0 (Windows NT 10.0; Win64; x64) AppleWebKit/537.36 (KHTML, like Gecko) Chrome/124.0.0.0 Safari/537.36", "timestamp": "2024-04-25T18:19:01.387Z", "path": "/admin/login/?next=/admin/"}}]